{
  "Domain": {
    "MeshID": "subject03",
    "InitElem": 263629
  },
  "Session": {
    "ID": "subject03",
    "Photons": 1.0E+8,
    "Seed": 5.67621849E+8
  },
  "Forward": {
    "T0": 0,
    "T1": 9E-9,
    "Dt": 9E-9
  },
  "Optode": {
    "Source": {
      "Pos": [
        168.31146166817246,
        114.66056273645088,
        200.42061685904787
      ],
      "Dir": [
        -0.56541874069702547,
        0.26668577665171056,
        -0.78050006034609876
      ]
    },
    "Detector": [
      {
        "Pos": [
          164.32935560691294,
          113.32842574464499,
          203.09733097927969
        ],
        "R": 1
      },
      {
        "Pos": [
          159.91899604508208,
          112.29300753465516,
          205.15044834729335
        ],
        "R": 1
      },
      {
        "Pos": [
          145.65798711779357,
          110.26036166515183,
          209.18095553504989
        ],
        "R": 1
      },
      {
        "Pos": [
          140.74222798094166,
          109.84612600373706,
          210.00233806695451
        ],
        "R": 1
      }
    ]
  }
}