{
  "Domain": {
    "MeshID": "subject03",
    "InitElem": 232912
  },
  "Session": {
    "ID": "subject03",
    "Photons": 1.0E+7,
    "Seed": 5.67621849E+8
  },
  "Forward": {
    "T0": 0,
    "T1": 9E-9,
    "Dt": 9E-9
  },
  "Optode": {
    "Source": {
      "Pos": [
        176.05196538697825,
        117.59952783852492,
        194.62243896644111
      ],
      "Dir": [
        -0.70086249466558992,
        0.24135973757882476,
        -0.67122070934008493
      ]
    },
    "Detector": [
      {
        "Pos": [
          172.45365708614756,
          116.06435689588375,
          197.67228850841869
        ],
        "R": 1
      },
      {
        "Pos": [
          168.5863244548058,
          114.66821330697609,
          200.44068356171343
        ],
        "R": 1
      },
      {
        "Pos": [
          155.44328571466443,
          111.49558573834402,
          206.73164570681732
        ],
        "R": 1
      },
      {
        "Pos": [
          130.92976186140481,
          109.43749496179394,
          210.81260727144459
        ],
        "R": 1
      }
    ]
  }
}